{"cameraMode":{"drawMode":0,"name":"Shaded","section":"Shading Mode"},"sceneLighting":false,"audioPlay":false,"sceneViewState":{"showFog":true,"showMaterialUpdate":false,"showSkybox":false,"showFlares":true,"showImageEffects":true,"showParticleSystems":true},"in2DMode":false,"pivot":{"x":6.489999771118164,"y":0.9975383281707764,"z":-2.910659074783325},"rotation":{"x":-0.24155648052692414,"y":-0.022581467404961587,"z":0.004667351022362709,"w":-0.9706084132194519},"size":1.1871845722198487,"orthographic":false}