{"cameraMode":{"drawMode":0,"name":"Shaded","section":"Shading Mode"},"sceneLighting":true,"audioPlay":false,"sceneViewState":{"showFog":true,"showMaterialUpdate":false,"showSkybox":true,"showFlares":true,"showImageEffects":true,"showParticleSystems":true},"in2DMode":false,"pivot":{"x":81.08568572998047,"y":-27.670310974121095,"z":155.67776489257813},"rotation":{"x":-0.10875546187162399,"y":-0.06782666593790055,"z":0.0035848626866936685,"w":-0.9923839569091797},"size":86.17668151855469,"orthographic":false}