{"cameraMode":{"drawMode":0,"name":"Shaded","section":"Shading Mode"},"sceneLighting":false,"audioPlay":false,"sceneViewState":{"showFog":true,"showMaterialUpdate":false,"showSkybox":false,"showFlares":true,"showImageEffects":true,"showParticleSystems":true},"in2DMode":false,"pivot":{"x":60.78657531738281,"y":7.359508514404297,"z":7.394331932067871},"rotation":{"x":-0.33201342821121218,"y":-0.588323175907135,"z":0.28466951847076418,"w":-0.6808945536613464},"size":6.5113677978515629,"orthographic":false}